{"lib/Icons/Buttons/Cupboard.png":["lib/Icons/Buttons/Cupboard.png"],"lib/Icons/Buttons/Freezer.png":["lib/Icons/Buttons/Freezer.png"],"lib/Icons/Buttons/Fridge.png":["lib/Icons/Buttons/Fridge.png"],"lib/Icons/Buttons/Login.png":["lib/Icons/Buttons/Login.png"],"lib/Icons/Buttons/Partner Login.png":["lib/Icons/Buttons/Partner Login.png"],"lib/Icons/Buttons/Scan Barcode.png":["lib/Icons/Buttons/Scan Barcode.png"],"lib/Icons/Buttons/Scan Items.png":["lib/Icons/Buttons/Scan Items.png"],"lib/Icons/Buttons/Scan Pantry.png":["lib/Icons/Buttons/Scan Pantry.png"],"lib/Icons/Buttons/Search Icon.png":["lib/Icons/Buttons/Search Icon.png"],"lib/Icons/Buttons/Shopping List.png":["lib/Icons/Buttons/Shopping List.png"],"lib/Icons/Buttons/Signup.png":["lib/Icons/Buttons/Signup.png"],"lib/Icons/Buttons/Upload.png":["lib/Icons/Buttons/Upload.png"],"lib/Icons/Categories/Framed/Baby.png":["lib/Icons/Categories/Framed/Baby.png"],"lib/Icons/Categories/Framed/Bakery.png":["lib/Icons/Categories/Framed/Bakery.png"],"lib/Icons/Categories/Framed/Beauty & Healthcare.png":["lib/Icons/Categories/Framed/Beauty & Healthcare.png"],"lib/Icons/Categories/Framed/Drinks.png":["lib/Icons/Categories/Framed/Drinks.png"],"lib/Icons/Categories/Framed/Eggs, Dairy & Fridge.png":["lib/Icons/Categories/Framed/Eggs, Dairy & Fridge.png"],"lib/Icons/Categories/Framed/Freezer.png":["lib/Icons/Categories/Framed/Freezer.png"],"lib/Icons/Categories/Framed/Fruit & Veg.png":["lib/Icons/Categories/Framed/Fruit & Veg.png"],"lib/Icons/Categories/Framed/Household.png":["lib/Icons/Categories/Framed/Household.png"],"lib/Icons/Categories/Framed/Liquor.png":["lib/Icons/Categories/Framed/Liquor.png"],"lib/Icons/Categories/Framed/Meat.png":["lib/Icons/Categories/Framed/Meat.png"],"lib/Icons/Categories/Framed/Pantry.png":["lib/Icons/Categories/Framed/Pantry.png"],"lib/Icons/Categories/Framed/Pet.png":["lib/Icons/Categories/Framed/Pet.png"],"lib/Icons/Home Page/Menu Button.png":["lib/Icons/Home Page/Menu Button.png"],"lib/Icons/Home Page/Musketeer Profile Button.png":["lib/Icons/Home Page/Musketeer Profile Button.png"],"lib/Icons/Home Page/Piggy Bank Empty.png":["lib/Icons/Home Page/Piggy Bank Empty.png"],"lib/Icons/Home Page/Piggy Bank Full.png":["lib/Icons/Home Page/Piggy Bank Full.png"],"lib/Icons/Home Page/back_Button.png":["lib/Icons/Home Page/back_Button.png"],"lib/Icons/Menu Bar/Cart Menu.png":["lib/Icons/Menu Bar/Cart Menu.png"],"lib/Icons/Menu Bar/Categories Menu.png":["lib/Icons/Menu Bar/Categories Menu.png"],"lib/Icons/Menu Bar/Home Menu.png":["lib/Icons/Menu Bar/Home Menu.png"],"lib/Icons/Menu Bar/Pantry Menu.png":["lib/Icons/Menu Bar/Pantry Menu.png"],"lib/Icons/Menu Bar/Search Menu.png":["lib/Icons/Menu Bar/Search Menu.png"],"lib/Icons/Miscell/1 2 Price.png":["lib/Icons/Miscell/1 2 Price.png"],"lib/Icons/Miscell/Barcode.png":["lib/Icons/Miscell/Barcode.png"],"lib/Icons/Miscell/Calendar.png":["lib/Icons/Miscell/Calendar.png"],"lib/Icons/Miscell/Camera.png":["lib/Icons/Miscell/Camera.png"],"lib/Icons/Watchlist/Cart.png":["lib/Icons/Watchlist/Cart.png"],"lib/Icons/Watchlist/Minus.png":["lib/Icons/Watchlist/Minus.png"],"lib/Icons/Watchlist/Notify.png":["lib/Icons/Watchlist/Notify.png"],"lib/Icons/Watchlist/Plus.png":["lib/Icons/Watchlist/Plus.png"],"lib/Icons/Watchlist/Watchlist.png":["lib/Icons/Watchlist/Watchlist.png"],"lib/Icons/logo/Musketeer Loading.gif":["lib/Icons/logo/Musketeer Loading.gif"],"lib/Icons/logo/Musketeer Loading.mp4":["lib/Icons/logo/Musketeer Loading.mp4"],"lib/Icons/logo/Musketeer.png":["lib/Icons/logo/Musketeer.png"],"lib/Icons/logo/app_icon.png":["lib/Icons/logo/app_icon.png"],"packages/cupertino_icons/assets/CupertinoIcons.ttf":["packages/cupertino_icons/assets/CupertinoIcons.ttf"]}